id,keyword,location,text,actual_target,predicted_target
102,accident,"St. Louis, MO",#stlouis #caraccidentlawyer Speeding Among Top Causes of Teen Accidents https://t.co/k4zoMOF319 https://t.co/S2kXVM0cBA Car Accident teeÛ_,0,1
198,airplane%20accident,"Salt Lake City, Utah",@crobscarla your lifetime odds of dying from an airplane accident are 1 in 8015.,0,1
246,ambulance,,Early wake up call from my sister begging me to come over &amp; ride w/her in the ambulance to the hospital #RODKiai,1,0
274,ambulance,|| c h i c a g o ||,when you don't know which way an ambulance is coming from &lt;&lt;,1,0
314,annihilated,The Canopy Kingdom,BOOM! Your country was just entirely annihilated by a hÛ_ ÛÓ Britain https://t.co/IrFCn71sZv,0,1
316,annihilated,USA,One thing for sure-God has promised Israel will not be annihilated. But...the horror of Iran w/nukes. https://t.co/xn09Mx6sxy,0,1
328,annihilated,,Ready to get annihilated for the BUCS game,1,0
353,annihilation,Subconscious LA,World Annihilation vs Self Transformation http://t.co/pyehwodWun Aliens Attack to Exterminate Humans http://t.co/pB2N77nSKz,0,1
354,annihilation,Spain,:StarMade: :Stardate 3: :Planetary Annihilation:: http://t.co/I2hHvIUmTm via @YouTube,1,0
356,annihilation,CA physically- Boston Strong?,U.S National Park Services Tonto National Forest: Stop the Annihilation of the Salt River Wild Horse... https://t.co/sW1sBua3mN via @Change,1,0
360,annihilation,,U.S National Park Services Tonto National Forest: Stop the Annihilation of the Salt River Wild Horse... http://t.co/KPQk0C4G0M via @Change,1,0
365,annihilation,,@willienelson We need help! Horses will die!Please RT &amp; sign petition!Take a stand &amp; be a voice for them! #gilbert23 https://t.co/e8dl1lNCVu,1,0
381,annihilation,"Ljubljana, Slovenia",Stop the Annihilation of the Salt River Wild Horses! http://t.co/wVobVVtXKg via @Change,1,0
394,annihilation,"Chandler, AZ",U.S National Park Services Tonto National Forest: Stop the Annihilation of the Salt River Wild Horse... http://t.co/SB5R7ShcCJ via @Change,1,0
410,apocalypse,"Austin, TX",I know it's a question of interpretation but this is a sign of the apocalypse.  I called it https://t.co/my8q1uWIjn,1,0
440,apocalypse,,The latest from @BryanSinger reveals #Storm is a queen in #Apocalypse @RuPaul @AlexShipppp http://t.co/oQw8Jx6rTs,1,0
442,apocalypse,,Shadow boxing the apocalypse,1,0
443,apocalypse,,"Short Reading

Apocalypse 21:1023 

In the spirit the angel took me to the top of an enormous high mountain and... http://t.co/v8AfTD9zeZ",1,0
462,armageddon,"California, United States",#PBBan (Temporary:300) hyider_ghost2 @'aRmageddon | DO NOT KILL | FLAGS ONLY | Fast XP' for Reason,1,0
467,armageddon,Here And There,Armageddon https://t.co/uCSUDk3q1d,1,0
469,armageddon,"Derry, 17 ",@paddytomlinson1 ARMAGEDDON,0,1
509,army,"Memphis, TN",Salvation Army hosts rally to reconnect fathers with children: The Salvation Army is hosting a back to school rallyÛ_ http://t.co/rDjpor3AZg,1,0
513,army,Studio,But if you build an army of 100 dogs and their leader is a lion all dogs will fight like a lion.,1,0
516,army,,One Direction Is my pick for http://t.co/q2eBlOKeVE Fan Army #Directioners http://t.co/eNCmhz6y34 x1392,1,0
519,army,,VICTORINOX SWISS ARMY DATE WOMEN'S RUBBER MOP WATCH 241487 http://t.co/yFy3nkkcoH http://t.co/KNEhVvOHVK,1,0
546,arson,,Two Jewish Terrorists Charged In Historic-Church Arson | The Ugly Truth http://t.co/iEksNFSbY7 http://t.co/VWCf3slkrW,0,1
571,arson,ÛÊÛÊÛÊ,Mariah getting thick in the shoulders poor girl.,1,0
574,arson,Jerusalem,Mourning notices for stabbing arson victims stir Û÷politics of griefÛª in Israel: Posters for Shira Banki and A... http://t.co/3GZ5zQQTHe,0,1
585,arson,,Owner of Chicago-Area Gay Bar Admits to Arson Scheme http://t.co/ZPxE3fMYNG #LGBT,1,0
598,arsonist,ss,@_301DC @Cloudy_goldrush i hate white people mo,1,0
609,arsonist,toronto,Bloor/Ossington arsonist also burned a mattress on Northumberland St #cbcto http://t.co/wpDvT31sne,0,1
615,arsonist,"Orange County, California",Video Captures Man Removing American Flag From Long Beach CA Home Burning It; Arsonist Sought http://t.co/JP2QlrunjJ http://t.co/jbpgkGOwSi,0,1
623,arsonist,"Adelaide, South Australia",Arsonists being blamed for a blaze at a plastics recycling business in Adelaide | @pcaldicott7 reports. #7NewsAdl http://t.co/r1Xwdnvb0g,0,1
643,arsonist,,Trusting Iran to stop terrorism is like inviting an arsonist to join the fire brigade - Telegraph http://t.co/2Z2HTDjQZD,0,1
665,attack,Bellevue NE,New post from @darkreading http://t.co/8eIJDXApnp New SMB Relay Attack Steals User Credentials Over Internet,1,0
674,attack,,#volleyball Attack II Volleyball Training Machine - Sets Simulation - http://t.co/dCDeCFv934 http://t.co/dWBC1dUvdk,1,0
727,attacked,"San Francisco, CA",Kelly Osbourne attacked for racist Donald Trump remark about Latinos on The View http://t.co/7nAgdSAdWP,1,0
775,avalanche,,driving the avalanche after having my car for a week is like driving a tank,1,0
791,avalanche,World,Avalanche City - Sunset http://t.co/48h3tLvLXr #nowplay #listen #radio,1,0
794,avalanche,,Chevrolet : Avalanche LT 2011 lt used 5.3 l v 8 16 v automatic 4 wd pickup truck premium bÛ_ http://t.co/OBkY8Pc89H http://t.co/dXIRnTdSrd,1,0
796,battle,New York,STAR WARS POWER OF THE JEDI COLLECTION 1 BATTLE DROID HASBRO - Full read by eBay http://t.co/xFguklrlTf http://t.co/FeGu8hWMc4,1,0
805,battle,USA,Black Eye 9: A space battle occurred at Star M27329 involving 1 fleets totaling 1236 ships with 7 destroyed,1,0
833,bioterror,,USA TODAY: .@FedEx will no longer to transport bioterror pathogens after ... - http://t.co/iaDlSlqdpd #NewsInTweets http://t.co/o8y1suL4Ow,0,1
836,bioterror,British girl in Texas,FedEx will no longer transport bioterror pathogens in wake of anthrax lab mishaps http://t.co/lHpgxc4b8J,0,1
843,bioterror,"Wilmington, DE",FedEx no longer to transport bioterror germs in wake of anthrax lab mishaps http://t.co/qZQc8WWwcN via @usatoday,0,1
851,bioterror,United States,RT alisonannyoung: EXCLUSIVE: FedEx no longer to transport research specimens of bioterror pathogens in wake of anthrax lab mishaps Û_,0,1
852,bioterror,"Oxford, MS",Hmm...this could be problem for some researchers: FedEx no longer to transport select agents http://t.co/9vIibxgjAV via @usatoday,1,0
853,bioterror,,#world FedEx no longer to transport bioterror germs in wake of anthrax lab mishaps  http://t.co/5zDbTktwW7,0,1
867,bioterror,"Arkansas, Jonesboro",USATODAY: On today's #frontpage: #Bioterror lab faced secret sanctions. #RickPerry doesn't make the cut for FoxNewÛ_ http://t.co/5uKOHk7SoB,1,0
875,bioterror,,FedEx no longer to transport bioterror germs in wake of anthrax lab mishaps http://t.co/hrqCJdovJZ,0,1
876,bioterror,"Espoo, Finland",USATODAY: On today's #frontpage: #Bioterror lab faced secret sanctions. #RickPerry doesn't make the cut for FoxNewÛ_ http://t.co/xFHh2XF9Ga,1,0
898,bioterrorism,,To fight bioterrorism sir.,0,1
903,bioterrorism,,Does This Prepare Us? HHS Selects 9 Regional Special #Pathogen Treatment Centers #Bioterrorism #Infectious #Ebola http://t.co/Qmo1TxxDkj,0,1
916,bioterrorism,,To fight bioterrorism sir.,0,1
921,bioterrorism,,@ONU_France 74/75 Bioterrorism on '@Rockefeller_Chi/@RockefellerUniv'Heiress 2 evade lgl efforts 2 prosecute BLKs 4 @HarvardU kidnap'g.@AFP,0,1
940,blaze,"Fresno, CA",Love living on my own. I can blaze inside my apt or on the balcony,1,0
952,blaze,,What Dems do. Blaze covered months ago.Chicago police detained thousands of black Americans at interrogation facility http://t.co/UWItVBsbnC,0,1
1040,bleeding,IN,you can stab me in the back but I promise you'll be the one bleeding,1,0
1051,bleeding,,I waited 2.5 hours to get a cab my feet are bleeding,1,0
1061,bleeding,"Live Oak, TX",@KatRamsland Yes I'm a bleeding heart liberal.,1,0
1065,bleeding,"Gages Lake, IL",@beckyfeigin I defs will when it stops bleeding!,1,0
1080,blew%20up,Atlanta,@mfalcon21 go look. Just blew it up w atomic bomb.,0,1
1085,blew%20up,,@BenKin97 @Mili_5499 remember when u were up like 4-0 and blew it in one game? U probs don't because it was before the kings won the cup,1,0
1143,blight,Central Illinois,@todd_calfee so @mattburgener wanted to see that info on blight u got,1,0
1190,blizzard,Sydney,@Ashayo @MsMiggi Hi Ashayo! I believe there will be VODs on YouTube after the presentation but there is nothing like seeing it live :),1,0
1195,blizzard,Himalayan Mountains,#Tweet4Taiji is a dolphin worship group based on superstitions! Just take a look at their tweets!,1,0
1222,blizzard,,I call it a little bit of your blizzard?,1,0
1239,blood,"Cairo, Egypt",people with a #tattoo out there.. Are u allowed to donate blood and receive blood as well or not?,1,0
1245,blood,,Can't believe more people in their mid 20's don't have high blood pressure. Life is stressful. #DecisionsOnDecisions,1,0
1259,blood,The World,Ain't no hoe in my blood,1,0
1269,blood,???,Private thirsty night?SAD BLOOD ROCK'N ROLL? #??,1,0
1277,blood,Indonesia,it wasnt a very big stab but it was a deep stab and theres like blood everwhe,1,0
1296,bloody,Leicester,Bloody insomnia again! Grrrr!! #Insomnia,1,0
1343,blown%20up,Georgia,Man why hasn't @machinegunkelly blown up? He's still underground.,0,1
1360,blown%20up,Los Angeles,Even though BSG had been sufficiently hyped up for me in all the years I somehow delayed watching it I was utterly utterly blown away.,1,0
1409,body%20bag,Paignton,?? New Ladies Shoulder Tote #Handbag Faux Leather Hobo Purse Cross Body Bag #Womens http://t.co/zujwUiomb3 http://t.co/iap4LwvqsW,1,0
1440,body%20bagging,302???? 815,@Yankees body bagging mfs,1,0
1458,body%20bagging,316,'I did another one I did another one. You still ain't done shit about the other one.' Nigga body bagging Meek.,1,0
1473,body%20bagging,,ÛÏ@MacDaddy_Leo: ?????? No Caption Needed ??. Freshman... http://t.co/k8ughv2aifÛmy nigga Stacey body bagging niggas! ????,1,0
1474,body%20bagging,401 livin',Aubrey really out here body-bagging Meek.,1,0
1560,bomb,lagos nigeria,If I fall is men GOD @Praiz8 is d bomb well av always known dat since 2008 bigger u I pray sir,1,0
1561,bomb,"Edmonton, Alberta",I came up with an idea of a fragrance concept for a bath bomb called The Blood of my Enemies. So you can say that's what you bathe in.,1,0
1567,bomb,"Sunrise Manor, NV",@SwellyJetEvo Disneyland! Tacos there are bomb!,1,0
1591,bombed,"DaKounty, Pa",@CyhiThePrynce bombed on Kanye in that #ElephantInTheRoom ????????,1,0
1617,bombed,"Screwston, TX",'Redskins WR Roberts Belly-Bombed ' via @TeamStream http://t.co/GbcvVEvDTY,1,0
1623,bombed,,She didn't even notice me in the background I'm a floatin head #bombed http://t.co/JA0WGp8sPe,1,0
1663,bombing,"Washington, D.C.",I think bombing Iran would be kinder... https://t.co/GVm70U2bPm,0,1
1676,bridge%20collapse,"New Delhi, Delhi",Ashes 2015: AustraliaÛªs collapse at Trent Bridge among worst in history: England bundled out Australia for 60 ... http://t.co/985DwWPdEt,1,0
1760,buildings%20burning,dallas,like for the music video I want some real action shit like burning buildings and police chases not some weak ben winston shit,1,0
1767,buildings%20burning,,@PPFA At least they aren't burning buildings and looting stores.,0,1
1771,buildings%20on%20fire,World Wide,Fire hazard associated with installation of non-compliant external cladding on http://t.co/bTPQdehl3p - By @www.cbplawyers,1,0
1840,burned,"Gainesville, FL",burned 129 calories doing 24 minutes of Walking 3.5 mph brisk pace #myfitnesspal,1,0
1865,burned,,Watch how bad that fool get burned in coverage this year. Dat dude is all-pro practice squad material,1,0
1878,burning,mumbai,hermancranston: #atk #LetsFootball RT SkanndTyagi: #letsFootball #atk WIRED : All these fires are burning through Û_ http://t.co/DmTab6g7j7,0,1
1885,burning,Gameday,.@StacDemon with five burning questions for Chris Mullin and St. JohnÛªs in 2015-16: http://t.co/NmRVTHkvAh #SJUBB,1,0
1892,burning,"Caracas, Venezuela.",We will be burning up like neon lights??????,1,0
1895,burning,NY,The Burning Legion has RETURNED!  https://t.co/hKsbmijqZ1,0,1
1899,burning,,My hand is burning,1,0
1910,burning,taco bell,@Michael5SOS haha so would you say its so hot your balls are burning off????,1,0
1922,burning%20buildings,"Mackay, QLD, Australia",Mmmmmm I'm burning.... I'm burning buildings I'm building.... Oooooohhhh oooh ooh...,0,1
1932,burning%20buildings,,A protest rally at Stone Mountain? Atleast they're not burning down buildings and looting store like some individuals do when they 'protest',0,1
1953,burning%20buildings,Los Angeles,Ali you flew planes and ran into burning buildings why are you making soup for that man child?! #BooRadleyVanCullen,0,1
1956,burning%20buildings,,Ah yes the gays are totally destroying America. I can see buildings burning and meteors crashing into schools wow,0,1
1968,burning%20buildings,"Epic City, BB.",I Pledge Allegiance To The P.O.P.E. And The Burning Buildings of Epic City. ??????,1,0
1987,bush%20fires,London/Bristol/Guildford,On holiday to relax sunbathe and drink ... Putting out bush fires? Not so much ?? #spain https://t.co/dRno7OKM21,0,1
2058,casualties,Mostly Yuin.,Whimsy as it pertains to mass casualties. Always impressive.,0,1
2063,casualty,,Property/casualty insurance rates up 1% in July: After several months of no movement commercial property/casu... http://t.co/KcLkoKqI8a,1,0
2073,casualty,Kenya,Benzema increasingly looks to be a casualty of Benitez's new look squad. Arsenal bound? 50-50 chance I think,1,0
2076,casualty,,UNPREDICTABLE DISCONNECTED AND SOCIAL CASUALTY ARE MY FAVORITES HOW DO PEOPLE NOT LIKE THEM,1,0
2102,casualty,Seattle,#NowPlaying: Dubstep Hardstyle Trap Messy Mix (event recording) by Alien Casualty on @Mixify http://t.co/m203UL6o7p http://t.co/m203UL6o7p,1,0
2125,catastrophe,"Brooklyn, NY",UPDATE: 7 of the 9 Mac Pros my company bought in May have had catastrophe failures requiring repair!,1,0
2149,catastrophe,Portugal,Alaska's #Wolves face catastrophe Denali Wolves population plummeted to 48! #SaveDenaliWolves TWEETSTORM: http://t.co/sywUEL7yYx,0,1
2160,catastrophic,Toronto,'Climate change could be catastrophic -- but it does have some benefits.' Really @weathernetwork?!?! http://t.co/IBx3cragtt,0,1
2227,chemical%20emergency,,Google Alert: Emergency units simulate a chemical explosion at NU http://t.co/NDgpWYxu6H,0,1
2260,cliff%20fall,At Da Laundry Mat Wit Nivea ,2Leezy its like you're about to fall down a cliff but you're grabbing my hand but my palms are sweaty ... Why bruh? https://t.co/GrWdr4kuf3,1,0
2263,cliff%20fall,nyc,ok peace I hope I fall off a cliff along with my dignity,1,0
2275,cliff%20fall,,Fall off a cliff please  https://t.co/4vWSL2Gfp0,1,0
2282,cliff%20fall,livin life in the 610,I accidentally killed an 87 day snap streak and now I wanna accidentally fall off a cliff ????????????????????,1,0
2298,cliff%20fall,,627% but if they had lower striked than 16 I would have gone even further OTM. This could really fall off a cliff.,1,0
2314,collapse,New York City,Interview on The Collapse of Materialism Best #TalkRadio Listen Live: http://t.co/sDXZHjco0X,1,0
2315,collapse,,Economic Collapse Investing: Specific actions and strategies to securing lasting wealth from the financial blowout. http://t.co/JZwRisXEPF,1,0
2340,collapse,#Bummerville otw,Why did I come to work today.. Literally wanna collapse of exhaustion,1,0
2342,collapse,Brighton and Hove,'60 all out? What!' - World reacts to Aussie collapse http://t.co/I6zQlk2Puz,0,1
2347,collapse,United Kingdom,Now that's what you call a batting collapse #theashes,1,0
2349,collapse,JKT48-Muse-A7X,#ROH3 #JFB #TFB #alrasyid448ItuRasya Correction: Tent Collapse Story http://t.co/iZJToojzKp #US ROH3 SmantiBatam #ROH3SmantiBatam,0,1
2374,collapsed,,Zimbabwe is a country with a collapsed government ruled by a dictator while many live below the poverty line.,0,1
2375,collapsed,Suplex City,@durrellb Prices here are insane. Our dollar has collapsed against the US and it's punishing us. Thanks for the info.,1,0
2388,collapsed,"Alexandria, Egypt.",Great British Bake Off's back and Dorret's chocolate gateau collapsed - JAN MOIR http://t.co/2SgDOFsmrQ http://t.co/xLEgC6UorA,1,0
2396,collapsed,wherever-the-fuck washington,@flickershowell oh wow my heart collapsed cool im crying cool cool,1,0
2399,collapsed,"Perth, Western Australia",@xDescry I was wrong to call it trusty actually.. considering it spontaneously collapsed on me that's not very trusty.,1,0
2400,collapsed,,Petition | Heartless owner that whipped horse until it collapsed is told he can KEEP his animal! Act Now! http://t.co/87eFCBIczM,1,0
2432,collide,"Ormond By The Sea, FL",@tackettdc Like a scene from When Worlds Collide ......,1,0
2454,collided,Roanoke VA,Cyclist who collided with runner on Roanoke greenway wins $300000 civil verdict http://t.co/WgasoeNCwc via @roanoketimes,0,1
2463,collided,,I scored 111020 points in PUNCH QUEST stopped when a squeaky bat collided into my skull. http://t.co/aEtgbxm1pL,1,0
2496,collided,See the barn of bleakness,"OMG OMG OMG #JustinBieber and #HarryStyles have collided in a nuclear accident at #Cern ^oo^

#HarryBeCareful http://t.co/p4huQUNDQi",0,1
2502,collided,California ,Can't watch PVRIS I'm so sad bc it collided with another set,1,0
2513,collision,"Los Angeles, CA",Santa Fe Springs Studebaker Rd / South St **Trfc Collision-No Inj** http://t.co/6uHih9pbrU,0,1
2524,collision,"Riverside, CA",San Bernardino I10 W Eo / Redlands Blvd **Trfc Collision-No Inj** http://t.co/FT9KIGmIgh,0,1
2538,collision,,"my favorite lady came to our volunteer meeting
hopefully joining her youth collision and i am excite http://t.co/Ij0wQ490cS",1,0
2557,crash,,HTML5 Beginners Crash Course http://t.co/Y32oWBroVF #course http://t.co/Vr2U4cErW8,1,0
2566,crash,,Deliver Value: A Cash Source Crash Course http://t.co/st5fGBLsYe #course http://t.co/0uK0H9hOzn,1,0
2570,crash,,Make man pikin crash ??????,1,0
2582,crash,"Kenton, Ohio",@_chelsdelong12 @kendra_leigh13 I'll crash it,1,0
2611,crashed,,@brianroemmele UX fail of EMV - people want to insert and remove quickly like a gas pump stripe reader. 1 person told me it crashed the POS,1,0
2619,crashed,,"My iPod crashed..... 
#WeLoveYouLouis 
#MTVHottest One Direction",1,0
2635,crashed,Lindenhurst,Thief Broke Front Window Of Hicksville Store Stole 50 Cell Phones; Fled Crashed Into... http://t.co/6odNBttPSq,0,1
2657,crush,,'@jorrynja: 6. @ your bf/gf/crush ??' @Ter_ell ??,1,0
2664,crush,,Ina Buted Girl Crush??,1,0
2675,crush,,Ron &amp; Fez - Dave's High School Crush https://t.co/aN3W16c8F6 via @YouTube,1,0
2692,crush,Everywhere,sevenfigz has a crush: http://t.co/20B3PnQxMD,1,0
2723,crushed,ph,A diamond is just a piece of charcoal that handled stress exceptionally well. We are hard pressed on every side but not crushed.2 cor4:8,1,0
2740,crushed,,Holy moly that was crushed.,1,0
2774,curfew,"Illinois, USA",@emmychappy Because it's 12 o'clock and my mom said everyone has to go home because of curfew.,1,0
2780,curfew,,@ScotRail i be seen them turn a blind eye to a bloke drinking and smoking on during the curfew time cos'its not worth the hassle',1,0
2782,curfew,"KLA,Uganda",Next May I'll be free...from school from obligations like family.... Best of all that damn curfew...,1,0
2802,curfew,"Hamilton, ON",WHEN U BOMBED AND U TRY 2 GET HOME FOR CURFEW http://t.co/oi6CmAGASi,0,1
2807,cyclone,"Des Moines, Iowa ",'The Big Ten has their annual football media day but before we get into that here's some Cyclone hoops recruiting nuggets',1,0
2820,cyclone,,GREAT CONDITION Easton Cyclone Softball Bat Fastpitch (-9) 29/20 SK398 http://t.co/rA2mAjPkq2 http://t.co/y7gHHYK05b,1,0
2841,cyclone,,1970 Mercury Cyclone GT Quarter Panel D/S Rear Trim Moulding Cobra Jet 429CJ http://t.co/wqUL8pG5Px http://t.co/4ykXt3kd62,1,0
2865,damage,"Columbia, SC",@writebothfists It got pretty windy here too... But no damage.,0,1
2866,damage,,Reusing advanced in life equipments in transit to drumming champaign damage: FdbDP,0,1
2870,damage,"Lawrence, KS via Emporia, KS",Hey the #Royals love doing damage with 2 outs.,1,0
2881,damage,??? ?? ??????? ,If Trillion crosses the line a 3rd time he does a field-wide attack that does instant kill damage,1,0
2886,damage,,Beach did damage to my shit,1,0
2891,damage,"Rockville, Maryland",#Glaucoma occurs when fluid builds up pressure inside #eye to a level that may damage optic nerve #eyefacts,1,0
2909,danger,,The sign-up is open for the FALLING FOR DANGER release day blast and review tour. Sign-up here:... http://t.co/hbdo22nqPZ,1,0
2913,danger,"Loughborough, England",What is this? Like I could be in danger or something,1,0
2929,danger,Atlanta Georgia ,"@bluebirddenver #FETTILOOTCH IS #SLANGLUCCI OPPRESSIONS GREATEST DANGER COMING SOON THE ALBUM 
https://t.co/moLL5vd8yD",1,0
2942,danger,ALWAYS DYING NEVER RESTING,SO THIRSTY YALL IN DANGER OF DEHYDRATION,1,0
2950,danger,Jersey - C.I,Honestly tho Modibo Maiga is stealing a living - fuck all about him - im past my best but still more of a danger than that fucktard #coyi,1,0
2969,dead,,I just watched emmerdale nd I don't know who most of them are but a slightly attractive man named Ross just got beat up nd now he's dead,1,0
2982,dead,,Perspectives on the Grateful Dead: Critical Writings (Contributions to the Study http://t.co/fmu0fnuMxf http://t.co/AgGRyhVXKr,1,0
2995,dead,Spare 'Oom,that's it val is dead im suing,1,0
3005,death,UPTOWN ,Until my death I'll forever rep the Jets.,1,0
3012,death,"Buenos Aires, Argentina",Going back to Gainesville will be the death of me,1,0
3022,death,"Kensington, MD",http://t.co/lMA39ZRWoY There is a way which seemeth right unto a man but the end thereof are the ways of death.,1,0
3037,death,To The Right of You!,Ted Cruz Bashes Obama Comparison GOP To Iranians Shouting 'Death To America' http://t.co/tXETcysm1H | #tcot,1,0
3042,death,"Los Angeles,CA, USA",VIDEO: Slain Mexican Journalist Unknowingly Predicted His Own Death http://t.co/QxhOwCv16R via @BreitbartNews,0,1
3064,deaths,,Bigamist and his 'first' wife are charged in the deaths of his 'second' pregnant wife her child 8 her... http://t.co/dlAub2nVtN #news,0,1
3079,deaths,Does it really matter!,Deaths 3 http://t.co/nApviyGKYK,0,1
3196,deluge,"Fort Lauderdale, FL",If you're in search of powerful content to improve your business or have been frustrated with the deluge of 'quantitÛ_https://t.co/64cyMG1lTG,1,0
3199,deluge,Newcastle upon Tyne,Here I'm the UK there isn't a deluge of Canadian themed tops around...The timing was perfect. I can't quite believe it. Mad.,1,0
3221,deluged,London,Why are you deluged with low self-image? Take the quiz: http://t.co/XsPqdOrIqj http://t.co/CQYvFR4UCy,1,0
3231,deluged,,Tarp is protecting outfield and cannot be moved. Infield getting deluged.,1,0
3240,deluged,,Businesses are deluged with invoices. Make yours stand out with colour or shape and it's likely to rise to the top of t e pay' pileq,1,0
3253,demolish,Washington D.C.,Rand Paul's Debate Strategy 'demolish Some other bad ideas out there or point out maybe that there are some em... http://t.co/qzdqRBr4Lh,1,0
3270,demolish,"Port Harcourt, Nigeria",Enugu Government to demolish illegal structures at International Conference Centre http://t.co/ouYLwuIXcs,1,0
3299,demolish,NYHC,If you think going to demolish Drake's house over some ghostwriting shit you should know that Rihanna lives next door.,1,0
3318,demolished,,Got my first gamer troll I just demolished a kid from Philly with Toronto on MLB and he was upset #BacktoBack #ChargedUp ??????,1,0
3340,demolished,Birmingham UK,@stallion150 @kbeastx they totally demolished genisys which was a beautiful film and almost 90% of the people agreed,1,0
3367,demolition,Chicago,Saving the City in Old Town: The Proposed Demolition of 159 West Burton http://t.co/FJddx43Ewj @MessnerMatthew for @newcity,1,0
3369,demolition,,#download &amp; #watch Demolition Frog (2002) http://t.co/81nEizeknm #movie,1,0
3376,demolition,"San Francisco, CA",Delmont's 'Onion House' Purchased After Plans For Demolition http://t.co/yojKfQeJ6s,1,0
3395,demolition,"Washington, DC",China detains seven Christians trying to protect their church's cross from demolition http://t.co/XuUB2HBlI5 http://t.co/h5EPx2D1ga,0,1
3398,demolition,,7 Christians detained in Zhejiang amid widespread anger over cross removal- over 1200 crosses removed since last yr http://t.co/8PICbkDJM0,0,1
3414,derail, Road to the Billionaires Club,@TemecaFreeman GM! I pray any attack of the enemy 2 derail ur destiny is blocked by the Lord &amp; that He floods ur life w/heavenly Blessings,1,0
3452,derail,"Dorset, United Kingdom",Sound judgement by MPC - premature rises could derail recovery #Business http://t.co/fvLgU1naYr,1,0
3560,desolate,,Me watching Law &amp; Order (IB: @sauldale305) (Vine by @NaturalExample) https://t.co/tl29LnU44O,1,0
3591,desolate,"Pueblo, CO",@Bill_Roose That looks so desolate and just...depressing,1,0
3595,desolate,the insane asylum. ,@CorleoneDaBoss bc its risky and costly I don't see a need to do that when there isn't anything there. It's totally desolate.,1,0
3598,desolation,"Stockholm, Sweden",? This Weekend: Stockholm Sweden - Aug 8 at Copperfields http://t.co/6un7xC9Sve,1,0
3602,desolation,"Birmingham, UK",The date for the release of EP03 DESOLATION is set. Stay tuned for more info while we finalise the schedule. #alt #electro #rock #comingsoon,1,0
3607,desolation,"North East, England",Just came back from camping and returned with a new song which gets recorded tomorrow. Can't wait! #Desolation #TheConspiracyTheory #NewEP,1,0
3613,desolation,,RT kurtkamka: Beautiful desolation. Just me a couple of coyotes some lizards and the morning sun. #Phoenix #ArizÛ_ http://t.co/0z1PvJVdpf,1,0
3625,desolation,infj ,going to redo my nails and watch behind the scenes of desolation of smaug ayyy,1,0
3635,desolation,Middle Earth / Asgard / Berk,Fotoset: elanorofrohan: 10th December 2013 Green Carpet in Zurich for the Swiss Premiere of The Desolation... http://t.co/BQ3P7n7w06,1,0
3640,desolation,"Quilmes , Arg","This desperation dislocation
Separation condemnation
Revelation in temptation
Isolation desolation
Let it go and so to find away",1,0
3650,destroy,"Virginia, USA",destroy the free fandom honestly,1,0
3660,destroy,"Wilbraham, MA",Just made anthonys bed considering i destroy it everytime i fall asleep. Smh ????,1,0
3662,destroy,"Jerseyville, IL",Dem FLATLINERS who destroy creativity-balance-longevity &amp; TRUTH stand with Lucifer in all his flames of destruction https://t.co/WcFpZNsN9u,1,0
3663,destroy,New York City,Watch These Super Strong Magnets Destroy Everyday Objects: http://t.co/bTUs5jejuy http://t.co/zrTfxLuk6R,1,0
3664,destroy,,@Beyonce @NicoleKidman @Oprah these money grubbing kikes need to get a clueI have no money but I can still destroy with telekinesis. Watch.,1,0
3679,destroy,New England,5/6 will destroy Reg C competitiveness.   The entire region will B over-saturated.   Yes Brockton gets $12M and RegC Commonwealth PPC and,1,0
3724,destroyed,Montreal,@freeMurphy Your hot take on Canada's hitchhiking garbage-bot (destroyed in Philly) was sorely needed.,1,0
3761,destruction,Moscow,Truck Driver Salvages Banned Tomatoes From Destruction on #Russian Border http://t.co/7b2Wf6ovFK #news,0,1
3778,destruction,Yooooooo,What's happening? A destruction indeed http://t.co/tUX0YPwZuR,0,1
3796,destruction,,So you have a new weapon that can cause un-imaginable destruction.,1,0
3802,detonate,Milton/Tallahassee,Apollo Brown ft. M.O.P- Detonate - http://t.co/OMfGv9ma1W,1,0
3810,detonate,"KÌ¦ln, Nordrhein-Westfalen",Detonate (feat. M.O.P.) by Apollo Brown http://t.co/fllaBzGCRc,1,0
3837,detonate,Worldwide,Apollo Brown - Detonate (Ft. M.O.P.) https://t.co/NlJVP3Vfyz #FIYA!,1,0
3842,detonate,"Orlando, FL",#hiphop #news #indie Apollo Brown ÛÒ ÛÏDetonateÛ Ft. M.O.P. - &lt;a href='http://t.co/WnowfVCbMs... http://t.co/JxWOjxqndC,1,0
3853,detonation,,Ignition Knock (Detonation) Sensor-Senso Standard KS94 http://t.co/IhphZCkm41 http://t.co/wuICdTTUhf,1,0
3855,detonation,,Dorman 917-033 Ignition Knock (Detonation) Sensor Connector http://t.co/WxCes39ZTe http://t.co/PyGKSSSCFR,1,0
3860,detonation,,Ignition Knock (Detonation) Sensor-Senso fits 01-06 BMW 325Ci 2.5L-L6 http://t.co/gBVDNczjoU http://t.co/c211HISe0R,1,0
3861,detonation,,Ignition Knock (Detonation) Sensor-Senso Standard KS94 http://t.co/dY1erSDcRh http://t.co/m4cPmxmuRK,1,0
3866,detonation,,Ignition Knock (Detonation) Sensor-Senso BECK/ARNLEY 158-0853 http://t.co/OdMx36WDhM http://t.co/gAHeUjRUJu,1,0
3879,detonation,New York,Detonation fashionable mountaineering electronic watch water-resistant couples leisure tabÛ_ http://t.co/7dYOgLhMRe http://t.co/HKm3rtD4ZF,1,0
3900,devastated,PG Chillin!,Man Currensy really be talkin that talk... I'd be more devastated if he had a ghostwriter than anybody else....,1,0
3903,devastated,,Zayn Malik &amp; Perrie Edwards End Engagement: SheÛªs Û÷DevastatedÛª http://t.co/GedOxSPpL9 http://t.co/ACZRUOrYtD,1,0
3936,devastated,"Port Orange, FL",@argentings WE COULD HAVE HAD IT AAAAAAALLLL IÛªm not even on that season and IÛªm devastated,1,0
3949,devastation,,I'm in utter shock and devastation you don't go to work to be left feeling how I do now. Life really is too short ??,1,0
3969,devastation,"Las Vegas, Nevada",We haven't seen the devastation from the 2014 Corp. Breaches yet Be Prepared! Get Coverage!: http://t.co/eK6KYHxPE9 http://t.co/Yn6NxOucR1,0,1
3973,devastation,Vancouver BC,Is This Country Latin America's Next 'Argentina': One week ago we reported on the economic devastation in he o... http://t.co/m2y9Ym3iF6,0,1
4020,disaster,"Hinton, W.Va.",Jeff Locke. Train wreck. F'in disaster. Fortunately the Pirates acquired a top quality starter in J.A... Oh wait. #Blowltan,1,0
4033,disaster,,@cncpts @SOLELINKS what a disaster - can't say I'm surprised,0,1
4034,disaster,London,RT @AmznFavorites THE DEVEREAUX DISASTER. 'Exciting scifi #thriller...' http://t.co/Mw9amBgAfq #SciFi #Kindle,0,1
4038,disaster,los angeles,"Keeps askin me what this means
Not like i got the answers
Plus if i say the wrong thing
This might just turn into a disaster",1,0
4043,disaster,USA ,DISASTER AVERTED: Police kill gunman with Û÷hoax deviceÛª atåÊcinema http://t.co/5NG0FzpVdS,0,1
4058,displaced,"Ojodu,Lagos",Angry Woman Openly Accuses NEMA Of Stealing Relief Materials Meant For IDPs: An angry Internally Displaced wom... http://t.co/Khd99oZ7u3,0,1
4076,displaced,Pedophile hunting ground,.POTUS #StrategicPatience is a strategy for #Genocide; refugees; IDP Internally displaced people; horror; etc. https://t.co/rqWuoy1fm4,0,1
4092,displaced,Nigeria,Angry Woman Openly Accuses NEMA Of Stealing Relief Materials Meant For IDPs: An angry Internally Displaced wom... http://t.co/6ySbCSSzYS,0,1
4093,displaced,new york,Could Billboard's Hot 100 chart be displaced by these social-media-driven music charts?    http://t.co/WVlaH8jRXe,1,0
4135,drought,"Rock Hill, SC",Large rain drops falling in Rock Hill off Anderson Road. #rain #scwx #drought,0,1
4150,drown,,.@karijobe and her band killed it tonight.  It was almost loud enough to drown out the tambourine behind me..... @codycarnes @AG_USA,1,0
4172,drown,Portugal,I can't drown my demons they know how to swim,1,0
4220,drowned,,Visting Georgina at The Drowned Rat Cafe.....awful view!! http://t.co/pYLFb3tI9U,1,0
4227,drowned,Halfrica,So I pick myself off the ground and swam before I drowned. Hit the bottom so hard I bounced twice suffice this time around is different.,1,0
4233,drowned,"Jacksonville Beach, FL",Jacksonville  family bands together as memorial is planned for  ... http://t.co/tilgurKv7Z,1,0
4237,drowned,,I got drowned like 5 times in the damn game today ????????????,1,0
4253,drowning,Numa casa de old yellow bricks,LONDON IS DROWNING AND IIII LIVE BY THE RIVEEEEEER,1,0
4255,drowning,"Chicago, IL",Family mourns drowning of 'superhero' toddler with rare epilepsy: Bradley Diebold suffered hundreds of epilepticÛ_ http://t.co/unsayJDTu7,0,1
4260,drowning,,'Drowning' - Acrylic 08.05.15 https://t.co/X17fUBQBGG,1,0
4266,drowning,,@HeyImBeeYT its like theres fire in my skin and im drowning from within ????,1,0
4298,dust%20storm,Idaho,@NWSPocatello BG-16: So far brunt of storm just to our north. Grayed out w/ dust &amp; rain to N blue sky interspersed w/ clouds to S.,0,1
4385,earthquake,Desde Republica Argentina,#Sismo M 1.3 - 1km NNE of The Geysers California: Time2015-08-05 23:40:21 UTC2015-08-05 16:40:21 -07:00 a... http://t.co/x6el3ySYcn #CS,0,1
4387,earthquake,Orm,Earthquake drill ??????,0,1
4395,earthquake,"Seattle, WA",Sure the #Megaquake story brought a sense of panic but the question is: will anything really change? http://t.co/9f3rDN9N3D,1,0
4441,electrocute,"Houston, TX","@FoxNews He still has his beard - has he been visited by any1 while in prison? If he keeps that hideous beard electrocute him! 
#UglyPeople",1,0
4456,electrocuted,New York,Woman electrocuted #Red #Redblood #videoclip http://t.co/9PYmM2RUWf #,0,1
4479,electrocuted,"Redondo Beach, CA",Do babies actually get electrocuted from wall sockets? I'm wondering how I and those before me survived childhood.,1,0
4491,electrocuted,Atlanta,"Worked in factory pressing designs onto T-shirts was electrocuted 
d/t faulty ground. Boss docked my pay while I was at ER #WorstSummerJob",1,0
4499,emergency,New York,Survival Kit Whistle Fire Starter Wire Saw Cree Torch Emergency Blanket S knife  - Full reÛ_ http://t.co/cm7HqwWUlZ http://t.co/KdwAzHQTov,1,0
4530,emergency,University of Limerick,Gonna call up tomorrow with the aul 'emergency dental appointment' excuse just like the whole tooth falling out incident of last year,1,0
4543,emergency,,@chowtaxis of Newport a big thanks for the emergency run to pick Jackie up from Bristol temple messages much appreciated,1,0
4551,emergency%20plan,Ireland,Our builder is having a dental emergency. Which has ruined my plan to emotionally blackmail him this afternoon with my bump.,1,0
4576,emergency%20plan,Im In Route ,"ÛÏ@based_georgie: yo forreal we need to have like an emergency action plan incase donald trump becomes presidentÛ
Whipe that lil baby",1,0
4580,emergency%20plan,U.S. Northern Virginia,#Biztip We recommend all businesses to get an alternative source of electricity. #Solar Wind and Batteries. Have an emergency plan! Now!,1,0
4596,emergency%20plan,"Augusta, GA",County 911 Overload Prompts Use of Emergency Plan During July 4 Celebrations http://t.co/HXTUPrA5bc http://t.co/DqxKJibbKy,0,1
4602,emergency%20services,"USA, Alabama",Sustainability Task Force Presents Levy to Fund Emergency Services - WDTV http://t.co/2FiBE2HAXC,1,0
4604,emergency%20services,"Olympia, WA",#Nursing alert: Emergency Department Psychiatric RN (.90 FTE Day) | Providence Health &amp; Services | #Olympia WA http://t.co/Yu6NUe7gFB,1,0
4606,emergency%20services,"London, UK",I am not an American but I have family who have served in the military work in the emergency services and work in... http://t.co/Pl2VzLrKVK,1,0
4608,emergency%20services,,We're #hiring! Click to apply: RN II/EMERGENCY SERVICES/FT/7P-7A - http://t.co/NV3Uxv9IMX #Nursing #Houston TX http://t.co/ej30IhrEA9,1,0
4659,engulfed,Kuwait ,He came to a land which was engulfed in tribal war and turned it into a land of peace i.e. Madinah. #ProphetMuhammad #islam,1,0
4669,engulfed,Bahrain,He came to a land which was engulfed in tribal war and turned it into a land of peace i.e. Madinah. #ProphetMuhammad #islam,1,0
4675,engulfed,@ ForSL/RP,@godsfirstson1 and she wrapped his coat around herself. It practically engulfed her.,1,0
4697,engulfed,,Lucas Duda is Ghost Rider. Not the Nic Cage version but an actual 'engulfed in flames' badass. #Mets,1,0
4704,epicentre,Lagos,#Tanzania elephant population declined by 60% in five years census reveals http://t.co/YxtZbTVMhm http://t.co/7jGgqwbv6S,0,1
4711,evacuate,,I feel like if MKayla and Cee ever got in the same room everyone should evacuate because it would be so petty and childish I couldn't deal,1,0
4787,evacuated,"Harpurhey, Manchester, UK",Trafford Centre film fans angry after Odeon cinema evacuated following false fire alarm   http://t.co/6GLDwx71DA,0,1
4814,evacuation,,FAAN orders evacuation of abandoned aircraft at MMA http://t.co/dEvYbnVXGQ via @todayng,0,1
4882,explode,"Washington, D.C.",Kendall Jenner and Nick Jonas Are Dating and the World Might Quite Literally Explode http://t.co/pfvzVPxQGr,1,0
4895,explode,,@allen_enbot If you mess up it's gonna explode...,1,0
4911,exploded,,Chick masturbates a guy until she gets exploded on her face &gt; http://t.co/5QhoeHE9hf,1,0
4918,exploded,,The Dress Memes Have Officially Exploded On The Internet http://t.co/3drSmxw3cr,1,0
4953,exploded,elizabeth king,oh yeah my ipod almost exploded last night i was using it while charging and shit was sparking akxbskdn almost died,1,0
4967,explosion,,Young dancer moves about 300 youth in attendance at the GMMBC Youth Explosion this past Saturday. Inspiring! http://t.co/TMmOrvxsWz,1,0
4972,explosion,,GAElite 0    Explosion Greg 2 [Top 3rd] [0 Out] [0 balls] [0 strikes] ... No one on [P: #16 Morgan Orchard] [B: ],1,0
5004,explosion,Palestine Texas,"You Are Invited to The Expo Explosion Summer Event 2015! 
WHEN: August 14th Friday 2015
WHERE: Ben E Keith... http://t.co/yh4R7Ug21a",1,0
5039,eyewitness,"Bakersfield, California",Wake Up Kern County Eyewitness News Mornings airing RIGHT NOW on KBAK CBS29. http://t.co/rorKtMpqNs #liveonKBAK http://t.co/eDznX6GOud,1,0
5060,eyewitness,South Africa,'I tried to save Mido Macia': One of the murder accused has testified he tried to save Mido MaciaÛªs life. http://t.co/vxVfAEEY0q,0,1
5097,famine,,when things become terrible more than the great Ethiopian famine...,0,1
5105,famine,,@CNN the End of Times are upon us. Famine War Death Plague. The presence is growing stronger.,0,1
5109,famine,,@Surf_Photo I squeezed a tear. Famine plague tsunami no chance. Lego - blubber!,0,1
5166,fatalities,,Las Vegas in top 5 cities for red-light running fatalities - News3LV http://t.co/eXdbcx4gCR,0,1
5182,fatalities,"Hope Road, Jamaica ","'Use our roads wisely and prevent the carnage from continuing...let us have no fatalities over this holiday period..'
#GGIndependencMessage",0,1
5186,fatalities,,"-??-
; kitana
? her fatalities slay me
ÛÓkody? (Vine by @KOMBATFANS33) https://t.co/uMajwSNLUF",1,0
5213,fatality,,@Truly_Stings Yo Dm me,1,0
5223,fatality,,@hrips_k when u do a fatality and like the corpse is still jittering,1,0
5247,fatality,USA,Kosciusko police investigating pedestrian fatality hit by a train Thursday http://t.co/m5djLLxoZP,0,1
5248,fatality,,Fatality https://t.co/GF5qjGoyCi,1,0
5278,fear,,"The Opposite of Love is Fear HereÛªs Why
http://t.co/r5bXZzhXkm",1,0
5283,fear,Bedford IN ,Horror films are made by incredibly creative artists. We interviewed 21 of them in depth for The Anatomy of Fear. http://t.co/J6mpdsx9Lk,1,0
5299,fear,,Nothing to fear. It's all about taking risks.,1,0
5351,fire,the road to success,I wanna set some shit on fire.,1,0
5357,fire,,Smelling a Bon fire while driving makes me wanna be sitting near one making s'mores ????,1,0
5378,fire%20truck,,Our garbage truck really caught on fire lmfao.,0,1
5389,fire%20truck,Five down from the Coffeeshop,Found this cool photo not mine 1952 Dodge Wayne bodied 4 window bus.  Ex Libby MT Fire Department truck. All oriÛ_ http://t.co/mcEjZzxgh8,1,0
5408,fire%20truck,,Former Township fire truck being used in Philippines - Langley Times http://t.co/iMiLsFxntf #filipino,0,1
5454,first%20responders,"Stalybridge, Tameside",At the #999day Emergency Services display! Meeting the brave police firefighters and first responders that help keep us safe! ????????,1,0
5455,first%20responders,,This week first responders and DART members are participating in a four day intensive Technical Large Animal... http://t.co/tL93AOd3ER,1,0
5461,flames,Bandung,New Giant Flames (GIANT FULL BLACK PANTOFEL) info/order sms:087809233445 pin:23928835 http://t.co/dthNEezupe  pic.twitter.com/pNPiZoDY,1,0
5479,flames,hell,@gilderoy i wish i was good enough to add flames to my nails im on fire,1,0
5528,flattened,somewhere too cold for me,@GrabakaHitman @Izi_Garcia when he flattened machida...did he lose that fight..nope he lost fights to guys he shouldn't of lost to also,1,0
5532,flattened,Leeds,Flattened thee striker,1,0
5559,flattened,Rocketing through the galaxy,@SatanaOfHell ever seen by far. A dreamy look came over his face and his ears flattened as he started to walk slowly toward her.* You'd-,1,0
5564,flood,New York,Spot Flood Combo 53inch 300W Curved Cree LED Work Light Bar 4X4 Offroad Fog Lamp - Full reÛ_ http://t.co/xxkHjySn0p http://t.co/JEVHKNJGBX,1,0
5575,flood,Aix-en-Provence/Utrecht,@CreationMin @rwrabbit @GoonerAtheist @atheistic_1 @LOLatJesus Yet still why did so many fish die in the worldwide flood? I wonder.,0,1
5576,flood,Philadelphia,And please don't flood poor @RobertBEnglund's mentions. He's put in his work!,1,0
5580,flood,New York,2pcs 18W CREE Led Work Light  Offroad Lamp Car Truck Boat Mining 4WD FLOOD BEAM - Full reaÛ_ http://t.co/ApWXS5Mm44 http://t.co/DS76loZLSu,1,0
5602,flood,,"survived the plague
floated the flood
just peeked our heads above the mud
no one's immune
deafening bells
my god will we survive ourselves?",0,1
5621,flooding,Metro Manila,@adorableappple No reported flooding po in the area. Ten-4. #mmda,0,1
5638,flooding,"California, USA",So grateful for all the support flooding in from @NetkiCorp dinner guests! THANK YOU ALL! https://t.co/ELTne5v1Qn,1,0
5662,floods,,"Who is bringing the tornadoes and floods. Who is bringing the climate change. God is after America He is plaguing her
 
#FARRAKHAN #QUOTE",1,0
5713,forest%20fire,Shelby County,I added a video to a @YouTube playlist http://t.co/bcjYleRRYX Ori and the Bind forest ep 6 'Fire and death',1,0
5734,forest%20fire,Atlanta,How is it one careless match can start a forest fire but it takes a whole box to start a campfire,0,1
5760,forest%20fires,Tips on my blog at,Tales of the #trees #deep water loving #Lake Tahoe. And no #forest fires https://t.co/xuhMJ098Lq,0,1
5789,hail,"Carol Stream, Illinois","GREAT MICHIGAN TECHNIQUE CAMP
B1G THANKS TO @bmurph1019 
@hail_Youtsey . @termn8r13 
#GoBlue #WrestleOn http://t.co/OasKgki6Qj",1,0
5791,hail,,All Hail Shadow (Hybrid Mix Feat. Mike Szuter): http://t.co/9e2f7bIvlE @youtube ##youtube,1,0
5822,hail,,@Flow397 Coming atcha from Boston. Had golfball sized hail yesterday sunny amazing skies today! #ParkChat,0,1
5841,hailstorm,Kicking Horse Pass,OMG NIXON LIVES! That is Richard M. Nixon Tricky Dicky right there in the picture isn't it. Hiding in Calgary he... http://t.co/MIUsvPxQTE,1,0
5855,hailstorm,Heaven,Summer heat drives bobcats to Calgary backyards ~ 35 http://t.co/TmzXopVs94 http://t.co/W192Wkog1M,1,0
5861,hailstorm,,Summer heat drives bobcats to Calgary backyards ~ 3 http://t.co/kEstuUYc4t http://t.co/PzFBb1P1mj,1,0
5890,harm,Kansas City,@leedsrouge Love what you picked! We're playing WORTH IT by FIFTH HARM/KID INK because of you! Listen &amp; Vote: http://t.co/0wrATkA2jL,1,0
5903,harm,Gotham City,You can never escape me. Bullets don't harm me. Nothing harms me. But I know pain. I know pain. Sometimes I share it. With someone like you.,1,0
5925,harm,va,@malistkiss Sunnis continue to believe they are more righteous and they continually harm Shias. Defeats the ideals of Islam.,1,0
5955,hazard,Chicago,CONFIRMED: Sanchez Hazard and Bolasie will be out for the rest of the season. https://t.co/7Ct01nEptL,1,0
5959,hazard,"Pleasanton, CA",Choking Hazard Prompts Recall Of Kraft Cheese Singles http://t.co/XGKyVF9t4f,0,1
5962,hazard,scandinavia,"December 2011 court dismissed the group charge of rape victims saying 'getting raped was an occupational hazard..!'

US military = ISIS!",0,1
5990,hazardous,,JAX issues Hazardous Weather Outlook (HWO) http://t.co/fuCOQhcLAD,0,1
5996,hazardous,,#foodscare #offers2go #NestleIndia slips into loss after #Magginoodle #ban unsafe and hazardous for #humanconsumption,1,0
5998,hazardous,"British Columbia, Canada",Skinny Jeans are Hazardous for Your Health! #socialnews http://t.co/92Pk0HujD8,1,0
5999,hazardous,,From recycling to only using non-hazardous chemicals Holland 1916 continually strives to maintain an eco-friendly existence.,1,0
6002,hazardous,"Gainesville, FL",09:13 PM:  Hazardous Weather Outlook (http://t.co/ed1VpITsWY): NO HAZARDOUS WEATHER IS EXPECTED AT THIS TIME.... http://t.co/6XSbddlZiy,0,1
6012,hazardous,,Caution: breathing may be hazardous to your health.,1,0
6023,hazardous,"Mysore, Karnataka",#foodscare #offers2go #NestleIndia slips into loss after #Magginoodle #ban unsafe and hazardous for #humanconsumption,1,0
6030,hazardous,Canada,Skinny Jeans are Hazardous for Your Health! #socialnews http://t.co/pAQanenCeS,1,0
6034,hazardous,"British Columbia, Canada",Skinny Jeans are Hazardous for Your Health! #socialnews http://t.co/LTMa9xQXpx,1,0
6050,heat%20wave,"Crayford, London",@hollywarnexx mini heat wave apaz,1,0
6075,heat%20wave,liverpool ,#greatbritishbakeoff love to know where I was when all this nice weather happened! Did miss the heat wave ?? ??,0,1
6097,hellfire,,The Prophet (peace be upon him) said 'Save yourself from Hellfire even if it is by giving half a date in charity.',1,0
6112,hellfire,,Hellfire is surrounded by desires so be careful and donÛªt let your desires control you! #Afterlife,1,0
6120,hellfire,"Denver, Colorado",@gg_keeponrockin @StrawberrySoryu Oh okay I just got the message twice and got suspicious. Sorry.  I'll check it out!,1,0
6123,hellfire,?????? ???? ??????,#Allah describes piling up #wealth thinking it would last #forever as the description of the people of #Hellfire in Surah Humaza. #Reflect,1,0
6132,hellfire,,The Prophet (peace be upon him) said 'Save yourself from Hellfire even if it is by giving half a date in charity.',1,0
6134,hellfire,Riyadh '),Hellfire! We donÛªt even want to think about it or mention it so letÛªs not do anything that leads to it #islam!,1,0
6159,hijack,Nigeria,Patience Jonathan On The Move To Hijack APC In BayelsaåÊState http://t.co/Vh8QtbyPZt,0,1
6160,hijack,,Swansea ?plot hijack transfer move for Southampton target Virgil van Dijk? http://t.co/NZRWDdLntp,0,1
6169,hijack,Nigeria,[Latest Post] Bayelsa poll: Tension in Bayelsa as Patience Jonathan plans to hijack APC PDP http://t.co/B2yvLMPepR,0,1
6174,hijack,am everywhere,Bayelsa poll: Tension in Bayelsa as Patience Jonathan plans to hijack APC PDP: Plans by former First Lady and... http://t.co/3eJL9lZlCH,0,1
6183,hijack,NIGERIA,Bayelsa poll: Tension in Bayelsa as Patience Jonathan plans to hijack APC PDP Plans by former First Lady and... http://t.co/RtfirzCPOC,0,1
6188,hijacker,San Francisco Bay Area,Gov. Brown allows parole for 1976 Chowchilla school bus hijacker James Schoenfeld. http://t.co/GlWoAKppjq http://t.co/WlLfLFnDgG,0,1
6191,hijacker,"Louisville, KY",Remove the http://t.co/VbqmZ5aPwj and Linkury Browser Hijacker http://t.co/C2EyjNyBfN http://t.co/gt7gf0fSeX,1,0
6192,hijacker,Southern California,San Jose Mercury: Governor Brown allows parole for California school bus hijacker  http://t.co/GpCeCp9kHv,0,1
6199,hijacker,"Fort Collins, CO",Remove the http://t.co/JAb541hHk0 and Linkury Browser Hijacker http://t.co/Je6Zjwh5uB http://t.co/fDxgmiwAEh,1,0
6211,hijacker,,Governor allows parole for California school bus hijacker | Fresno Linked Local Network http://t.co/Sww0QsMxVM http://t.co/bcdP4gKokA,0,1
6217,hijacker,California ,Governor weighs parole for California school bus hijacker http://t.co/7NPBfRzEJL http://t.co/Y0kByy8nce,0,1
6220,hijacker,worldwide,RT NotExplained: The only known image of infamous hijacker D.B. Cooper. http://t.co/JlzK2HdeTG,0,1
6244,hijacking,Mongolia,#hot  Funtenna: hijacking computers to send data as sound waves [Black Hat 2015] http://t.co/J2aQs5loxu #prebreak #best,1,0
6259,hijacking,,#hot  Funtenna: hijacking computers to send data as sound waves [Black Hat 2015] http://t.co/qj3PVgaVN7 #prebreak #best,1,0
6274,hijacking,,#hot  Funtenna: hijacking computers to send data as sound waves [Black Hat 2015] http://t.co/cOMuiOk3mP #prebreak #best,1,0
6276,hijacking,Japan,#hot  Funtenna: hijacking computers to send data as sound waves [Black Hat 2015] http://t.co/xV3D9bPjHi #prebreak #best,1,0
6283,hijacking,,#hot  Funtenna: hijacking computers to send data as sound waves [Black Hat 2015] http://t.co/UMgD92wLjA #prebreak #best,1,0
6325,hostage,,I went to pick up my lunch today and the bartender was holding my change hostage because he wanted my number. ??,1,0
6326,hostage,San Francisco Bay Area,@pmarca content is held hostage by network due to affiliation fees.,1,0
6366,hostages,china,#hot  C-130 specially modified to land in a stadium and rescue hostages in Iran in 1980 http://t.co/zY3hpdJNwg #prebreak #best,0,1
6407,hurricane,,My back is so sunburned :(,1,0
6450,injured, Tropical SE FLorida,#WakeUpFlorida... #Floridians more likely to be killed/injured by a #TrophyHunt killer's gun than by ISIS.  https://t.co/j5In8meXAJ,0,1
6474,injured,,@TheHammers_ @tonycottee1986 alsowhat if some of the 1st team players got injured?Then Bilic would get slated for playing themhe can't win,1,0
6534,injuries,California,Enjoying a little golf this summer? Take care to avoid injury -- back and shoulder injuries can happen quickly http://t.co/f1R5ISBVks,1,0
6541,injury,Somewhere in China.,Jack Wilshere has poor injury recordand his off field behaviors doesn't help.#Arsenal,1,0
6552,injury,Saint Paul,My prediction for the Vikings game this Sunday....dont expect a whole lot. Infact I think Zimmer goal is....injury free 1st game,1,0
6554,injury,,Dante Exum's knee injury could stem Jazz's hoped-for surge back to ... http://t.co/8PIFutrB5U,1,0
6566,injury,,CLEARED:incident with injury:I-495  inner loop Exit 31 - MD 97/Georgia Ave Silver Spring,0,1
6570,injury,,@Sport_EN Just being linked to Arsenal causes injury.,1,0
6624,inundated,"San Jose, CA, USA",This is set to become a huge one month wonder. (And then Pornhub will be inundated....) http://t.co/gghfx8PzMh,1,0
6627,inundated,Pontefract UK,@LEDofficial1 As you can imagine we're inundated with requests each week for samples &amp; as much as we'd love to be able to send sweets 1/2,1,0
6631,inundated,"Paducah, KY",@Bilsko and suddenly I'm inundated with research. @humofthecity,1,0
6654,landslide,,@MartinMJ22 @YouGov When did a 12 seat majority with 36% of the vote become a landslide?,1,0
6661,landslide,New York City,"Inbounds/ Out of Bounds:

While many picked the Nats to win the NL East in a landslide they currently sit 2... http://t.co/l0dEoCxU6o",1,0
6669,landslide,Scotland,FreeBesieged: .MartinMJ22 YouGov Which '#Tory landslide' ... you can't POSSIBLY mean the wafer-thin majority of #GÛ_ http://t.co/2q3fuEReY5,1,0
6701,lava,"Nashville, TN",Imagine a room with walls that are lava lamps.,1,0
6729,lava,"Clayton, NC",Check out my Lava lamp dude ???? http://t.co/To9ViqooFv,1,0
6766,lightning,,Don't blink ?? won't see the Lightning take the W ?? http://t.co/D4c2iqiRnU,1,0
6787,lightning,USA,Cell Phone Shop : http://t.co/iOq051t5te #629 8-Pin Lightning Connector 2.1A Car Charger For Apple 5 5S 5C 6 6+ iÛ_ http://t.co/klxAUcNP5I,1,0
6788,lightning,,World War II book LIGHTNING JOE An Autobiography by General J. Lawton Collins http://t.co/R4khEH7iaf http://t.co/qSZgJfUutu,1,0
6794,lightning,"State College, PA",Check out this amazing footage of lightning filmed while lifting off from Chicago... http://t.co/AOg5chjmVs http://t.co/cLN2SXzY1Z,0,1
6806,loud%20bang,Why should you know?,@Chibi877 --head. It hit the wall behind him with a loud bang. 'Language!' Drake shouted at him before getting up. 'I'm going out stay--,1,0
6813,loud%20bang,Kenya,tianta_: Breaking news! Unconfirmed! I just heard a loud bang nearby. in what appears to be a blast of wind from my neighbour's ass.,1,0
6821,loud%20bang,"Wandsworth, London",@SW_Trains strange loud impact bang noises under train to Epsom about to arrive #Wimbledon,0,1
6823,loud%20bang,Kenya,Jrowah: Breaking news! Unconfirmed! I just heard a loud bang nearby. in what appears to be a blast of wind from my neighbour's ass.,1,0
6828,loud%20bang,im definitely taller than you.,I WAS PEACEFULLY SITTING IN MY ROOM AND I HEARD THIS LOUD BANG OF SOMETHING FALLING,1,0
6837,loud%20bang,Kenya,daviesmutia: Breaking news! Unconfirmed! I just heard a loud bang nearby. in what appears to be a blast of wind from my neighbour's ass.,1,0
6843,loud%20bang,English Midlands,"St steel coffee cafetiere exploded this am with loud bang hot coffee &amp; grounds shot over table clean crockery phone
tablet. How?",1,0
6862,mass%20murder,,"@noah_anyname That's where the concentration camps and mass murder come in. 
 
EVERY. FUCKING. TIME.",0,1
6877,mass%20murder,Everywhere,This Attempted Mass Murder brought to You by the Obama Administration http://t.co/jbrK8ZsrY6,0,1
6878,mass%20murder,,He made such a good point. White person comings mass murder labelled as criminal minority does the same thing... http://t.co/37qPsSnaCv,0,1
6879,mass%20murder,Anonymous,http://t.co/FhI4qBpwFH @FredOlsenCruise Please take the #FaroeIslands off your itinerary until the mass murder of dolphins &amp; whales stops.,0,1
6882,mass%20murder,New Sweden,The media needs to stop publicizing mass murder. So many sick people want the eyes of the world and the media... http://t.co/QZlPFHpwDO,0,1
6900,mass%20murderer,"Haysville, KS",@CarlaChamorros HILLARY A MASS MURDERER.,0,1
6912,mass%20murderer,,@atljw @cnnbrk fine line btw mass murderer and terrorist. Yes we don't know if there's polit. or social aspect yet; however he went to a,0,1
6933,mass%20murderer,ANDY 4 LEADER X,@TelegraphWorld lets hope it's a upper class white mass murderer....''' Mmmm,0,1
6977,massacre,,@CIA hey you guy's i stopped a massacre so you   send the cops to my house to make this town permanently hate me wtf?,0,1
7043,mayhem,"Detroit, Michigan",I liked a @YouTube video from @itsjustinstuart http://t.co/Mnkaji2Q1N GUN RANGE MAYHEM!,0,1
7050,meltdown,"Cleveland, OH",The ol' meltdown victory for the Mets.,1,0
7091,meltdown,The Internet,Byproduct of metal price meltdown is a higher silver price http://t.co/cZWjw4UV7i,1,0
7144,military,somewhere USA ,the MOFO in DC will leave our military unarmed to be gunned down by terrorist &amp; a lot worseits not their sorry asses,0,1
7155,mudslide,Nottingham,'It looks like a mudslide' 'It's like chewing on rubber' #GBBO ??????,0,1
7187,mudslide,Ireland,@MarianKeyes Rubber Mudslide! Still laughing!,0,1
7194,mudslide,,@nikistitz even the one that looked like a mudslide?,0,1
7196,natural%20disaster,"Orlando/Cocoa Beach, FL","'Up to 40% of businesses affected by a natural or man-made disaster never reopen'
http://t.co/35JyAp0ul9",0,1
7202,natural%20disaster,New York,Rationing of food and water may also become necessary during an emergency such as a natural disaster or terror attack.,0,1
7208,natural%20disaster,"Newcastle Upon Tyne, England",@TwopTwips make natural disaster reporting more interesting by adding 'The' to headlines such as 'Rescuers are sifting through the wreckage',0,1
7223,natural%20disaster,America of Founding Fathers,"This is the natural and unavoidable consequence of socialism everywhere it has been tried.
http://t.co/BbDpnj8XSx A",1,0
7250,nuclear%20disaster,,"Nuclear deal disaster.

#IranDeal #NoNuclearIran #BadIranDeal @JebBush @BarackObama http://t.co/z7phPjtqud",0,1
7292,nuclear%20disaster,Fukushima city Fukushima.pref,Over half of poll respondents worry nuclear disaster fading from public consciousness http://t.co/YtnnnD631z ##fukushima,0,1
7299,nuclear%20reactor,"Washington, D.C.",Global Nuclear Reactor Construction Market grew 4.5% between 2013 and 2014 http://t.co/74JppeK6o7,1,0
7300,nuclear%20reactor,"Norwalk, CT",Has An Ancient Nuclear Reactor Been Discovered In Africa? ÛÒ Your... http://t.co/qadUfO8zXg,0,1
7306,nuclear%20reactor,,US Navy Sidelines 3 Newest Subs - http://t.co/guvTIzyCHE: DefenseNews.comUS Navy Sidelines 3 Newest SubsD... http://t.co/SY2WhXT0K5 #navy,1,0
7335,nuclear%20reactor,World,Finnish ministers: Fennovoima nuclear reactor will go ahead http://t.co/vB3VFm76ke #worldnews #news #breakingnews,1,0
7342,nuclear%20reactor,"Bournemouth, Dorset, UK",@SnowyWolf5 @TheGreenParty Besides would you rather shut down a whole nuclear reactor for maintenance or a wind turbine at a time?,1,0
7356,obliterate,Purfleet,Whereas Jez will obliterate the national debt - and give lots of new benefits - by simply printing money! Genius! https://t.co/ReffbkVG9R,1,0
7362,obliterate,EIC,Watch Sarah Palin OBLITERATE Planned Parenthood For Targeting Minority Women! ÛÒ BB4SP http://t.co/Dm0uUpqGWY,1,0
7377,obliterate,Ondo,Someone teaching you that obedience will obliterate trials in your life is trying to sell you a used car. Jesus's life blows that theory.',1,0
7410,obliterated,Tennessee,WACKOES like #MicheleBachman predict the WORLD will SOON be OBLITERATED by a burning firey INFERNO but can't accept #GlobalWarming!! HELLO!!,0,1
7415,obliterated,Reading MA,Drunk Meals 101: What To Cook When You're Totally Obliterated http://t.co/m19iVWrdkk,1,0
7457,obliteration,"a feminist, modernist hag.",@ThatSabineGirl you get me sis. this planet could do with a huge dose of obliteration.,1,0
7463,obliteration,,@tiggr_ why only Squad Obliteration?,1,0
7494,obliteration,Ontario,"Path of Obliteration
Back From The Dead
Story by @KyleWappler @thisishavehope

 http://t.co/1PdNlsP8XW",1,0
7598,pandemonium,Nigeria,Pandemonium In Aba As Woman Delivers Baby Without Face (Photos).... http://t.co/lYXNjlxL8s http://t.co/CXYFqN3ue4,1,0
7602,pandemonium,Dallas Fort-Worth,Pandemonium In Aba As Woman Delivers Baby Without Face (Photos) - http://t.co/c5u9qshhnb,1,0
7607,pandemonium,,I'll be at SFA very soon....#Pandemonium http://t.co/RW8b50xz9m,1,0
7611,pandemonium,The P (South Philly),Pandemonium use to be my fav cd ?? I had to get it http://t.co/6WhUgaeM3C,1,0
7613,pandemonium,Houston TX,Pandemonium In Aba As Woman Delivers Baby Without Face (Photos) - http://t.co/xRP0rTkFfJ,1,0
7621,pandemonium,"Leeds, UK",@KhalidKKazi mate they've taken another 2 since I posted this tweet it's pandemonium,1,0
7642,pandemonium,Everywhere,Pandemonium In Aba As Woman Delivers Baby Without FaceåÊ(Photos) http://t.co/bM0SXzbNKE,1,0
7662,panic,"Charlotte, NC | KÌ¦ln, NRW",@elielcruz just watching the streams was bad - I don't think I could actually walk in there I'd panic and get sick,1,0
7687,panic,Toronto,tomorrow's going to be a year since I went to the Panic! concert dressed as afycso ryan do u guys remember that,1,0
7698,panicking,,@Dirk_NoMissSki yea but if someone faints why are they panicking?.. thats basic stuff ??,1,0
7722,panicking,,all that panicking made me tired ;__; i want to sleep in my bed,1,0
7761,police,,Police expand search for missing pregnant woman in Beloeil: Police in Richelieu-Saint-Laurent are expanding th... http://t.co/hMuyzmv8qH,0,1
7793,police,Los Angeles ,.@slosheriff: 2 South Gate police officers and 2 Huntington Park officers arrested after child abuse investigation at boot camp,0,1
7797,quarantine,missouri USA,Reddit Will Now QuarantineÛ_ http://t.co/pkUAMXw6pm #onlinecommunities #reddit #amageddon #freespeech #Business http://t.co/PAWvNJ4sAP,1,0
7801,quarantine,Bucharest,#Reddit updates #content #policy promises to quarantine Û÷extremely offensiveÛª communities http://t.co/EHGtZhKAn4,1,0
7804,quarantine,"Joshua Tree, CA",Reddit Will Now Quarantine Offensive Content http://t.co/WosYPVQUFI http://t.co/XW8SDS1Tjp,1,0
7816,quarantine,,Reddit Will Now Quarantine OffensiveåÊContent http://t.co/VYgh2ni4Ah,1,0
7844,quarantine,,Reddit Will Now Quarantine Offensive Content http://t.co/LTmgdP6Jaf,1,0
7860,quarantined,"Sarasota, FL",Reddit's new content policy goes into effect many horrible subreddits banned or quarantined http://t.co/ZsXqbdUzBN http://t.co/6NCfjXPLOY,1,0
7862,quarantined,Melbourne,#hot  Reddit's new content policy goes into effect many horrible subreddits banned or quarantined http://t.co/nGKrZPza45 #prebreak #best,1,0
7895,radiation%20emergency,"LP, MN USA",http://t.co/X5XUMtoEkE Nuclear Emergency Current USA radiation levels monitoring site,0,1
7954,rainstorm,"Pioneer Village, KY",'The way you move is like a full on rainstorm and I'm a house of cards',1,0
7984,razed,"Ames, IA",@DavidVonderhaar At least you were sincere ??,1,0
8026,refugees,,Refugee Connections Indiegogo campaign will be going live tomorrow! Support us and help launch the only online community for #refugees.,1,0
8044,refugees,,wowo--=== 12000 Nigerian refugees repatriated from Cameroon,0,1
8045,refugees,,Newlyweds feed thousands of Syrian refugees instead of hosting a banquet wedding dinner -  http://t.co/XZV0lT9ZZk via @smh,1,0
8058,refugees,"Geneva, Switzerland",CHPSRE: RT: Refugees: For our followers in Paris do visit 'A Dream of Humanity' exhibition by rezaphotography Û_ Û_ http://t.co/RPmTROPsVr,1,0
8060,rescue,Trinidad & Tobago,Policyholders object to Clico rescue plan http://t.co/E4DvI9vUXZ http://t.co/JyCpf8iYhg,1,0
8094,rescued,United States,@Zak_Bagans this is Sabrina my dad rescued her from some dude who kept her in a cage. We've had her since I was 4 http://t.co/1k2PhQcuW8,1,0
8119,rescued,,@BrittanyPetko breaking news tonight kids were rescued from play room after a week with no food or water do to parents sex life haha,1,0
8211,riot,,@Live_Workshop selfie at booth or riot Kappa,1,0
8218,riot,,To All The Meat-Loving Feminists Of The World Riot Grill Has Arrived http://t.co/TiOst8oKvX,1,0
8267,rioting,,Still rioting in to Gmail...,0,1
8279,rioting,,The last time a high profile name was due to be signing for #nffc the City was rioting! Wesley Verhoek now a household name! #don'tpanic,1,0
8280,rioting,"heart of darkness, unholy ?",@Georgous__ what alternatives? Legal alternatives? Protesting? Rioting may not be the most peaceful thing but it's a demonstration of how,0,1
8288,rioting,Alabama,http://t.co/jMzcaqyDfa  Cindy Noonan@CindyNoonan-Heartbreak in #Baltimore #Rioting #YAHIstorical #UndergroundRailraod,0,1
8296,rubble,,@accionempresa ChinaÛªs stock market crash this summer has sparked interest from bargain hunt... http://t.co/s0Eyq1wEHE @gerenciatodos å¨,1,0
8301,rubble,"Accra,Ghana",#360WiseNews : China's Stock Market Crash: Are There Gems In The Rubble? http://t.co/eaTFro3d5x,0,1
8312,rubble,Italy,China's Stock Market Crash: Are There Gems In The Rubble? http://t.co/3PBFyJx0yA,0,1
8320,rubble,United States,China's Stock Market Crash: Are There Gems In The Rubble? http://t.co/o6oNSjHCsD #tcot #p2 #news,0,1
8332,rubble,California,China's Stock Market Crash: Are There Gems In The Rubble? http://t.co/Ox3qb15LWQ | https://t.co/8u07FoqjzW http://t.co/tg5fQc8zEY,0,1
8341,rubble,"ATLANTA , GEORGIA ",#360WiseNews : China's Stock Market Crash: Are There Gems In The Rubble? http://t.co/gQskwqZuUl,0,1
8363,ruin,"Wailuku, Maui",Four Things That May Ruin Your Personal Injury Accident Claim http://t.co/ZU9YYdF5DI,1,0
8434,sandstorm,WA State,"Come out to Sandstorm tryouts Aug 15th at Lower Woodland!
MS Tryout: 3-4:30pm
HS Tryout: 4:30-6pm",1,0
8448,screamed,Asgard,@GodOf_Mischief_ -of Loki's daggers she pulled it out and jammed it into Mina's thigh. When Mina screamed and grabbed at her leg sif-,1,0
8450,screamed,"San Diego, CA","OMFG??
Didnt expect Drag Me Down to be the first song Pandora played 

OMFG I SCREAMED SO LOUD
My coworker is scared http://t.co/VzcvAdkcQp",1,0
8472,screamed,"North Carolina, USA",Vacation update: my great aunt just killed a spider with her bare hand after I screamed in fear. #fierce,1,0
8489,screamed,livin in a plastic world,I JUST SCREAMED @toddyrockstar http://t.co/JDtPirnm76,1,0
8500,screaming,tx,@camilacabello97 Internally and externally screaming,1,0
8577,screams,"Melbourne, Australia.",@OllyMursAus I do feel sorry for him! He is not a piece of meat! He is a nice guy... People don't need to rush him and screams in his face!,1,0
8578,screams,Sheffield/Leeds,I agree with certain cultural appropriation things but honestly if u looked at my house it screams appropriation bc Buddhas and stuff-,1,0
8584,screams,5-Feb,When you go to a concert and someone screams in your ear... Does it look like I wanna loose my hearing anytime soon???,1,0
8586,screams,"Florida, USA",The little girl next to me sees the spot lights in the sky and screams ' mom! Look I see Angels in the sky!' ????,1,0
8595,seismic,garowe puntland somalia,Oil and Gas Exploration http://t.co/PckF0nl2yN,1,0
8608,seismic,Somalia,Exploration takes seismic shift in Gabon to Somalia - WorldOil (subscription) http://t.co/kqVEVuutDJ #??????? #Somalia,0,1
8693,sinking,Sacramento,After a Few Years Afloat Pension Plans Start Sinking Again http://t.co/4cEEuzWHvf,1,0
8698,sinking,Every Where in the World,that horrible sinking feeling when youÛªve been at home on your phone for a while and you realise its been on 3G this whole time,1,0
8704,sinking,,4 equipment ego break upon dig your family internet hoke excepting versus a sinking term: dfLJEV,1,0
8721,sinking,Liverpool,Do you feel like you are sinking in low self-image? Take the quiz: http://t.co/bJoJVM0pjX http://t.co/wHOc7LHb5F,1,0
8735,sinking,,That horrible sinking feeling when youÛªve been at home on your phone for a while and you realise its been on 3G this whole time,1,0
8739,sinking,MA,that horrible sinking feeling when youÛªve been at home on your phone for a while and you realise its been on 3G this whole time,1,0
8747,siren, New England,'Amateur Night' Actress Reprises Role for 'Siren' - HorrorMovies.ca #horror http://t.co/W9Cd6OFfcj,1,0
8786,siren,Flipadelphia,@SoonerMagic_ I mean I'm a fan but I don't need a girl sounding off like a damn siren,1,0
8793,sirens,,Reasons I should have gone to Warped today: tony played issues showed up sleeping w sirens played attila is there issues issues issues,1,0
8802,sirens,they/them ,my dad said I look thinner than usual but really im over here like http://t.co/bnwyGx6luh,1,0
8863,smoke,"Dalston, Hackney",@PianoHands You don't know because you don't smoke. The way to make taxis and buses come is to light a cigarette to smoke while you wait.,1,0
8880,smoke,Ktx,I get to smoke my shit in peace,1,0
8908,snowstorm,Australia,@Habbo bring back games from the past. Snowstorm. Tic tac toe. Battleships. Fast food. Matchwood.,1,0
8912,snowstorm,"South, USA",Sassy city girl country hunk stranded in Smoky Mountain snowstorm #AoMS http://t.co/ZDJ2hyF6RO #ibooklove #bookboost,0,1
8933,snowstorm,Mountains,New #photo Oak in a snowstorm http://t.co/JhSCGDA2G8 on the #SouthDowns #Hampshire #Winter #photography #art #tree #treescape #treeporn,0,1
8936,snowstorm,Western New York,#LakeEffect #Snowstorm Twill Denim Jackets   *** ALL MY PROCEEDS FOR ITEMS WITH THIS DESIGN WILL GOÛ_ https://t.co/TxTpx4umqH,1,0
8941,snowstorm,Italy,Snowstorm planned outside #Rome's St Mary Major tonight - annual occasion artificial snow remembering summer snow in 358 AD on same spot.,0,1
8968,storm,"Johns Creek, GA",this storm????,0,1
8989,storm,,TodayÛªs storm will pass; let tomorrowÛªs light greet you with a kiss. Bask in this loving warmth; let your soul return to bliss.,1,0
9029,stretcher,"Amazon Seller , Propagandist",Keep shape your shoes ??#Amazon #foot #adjust #shape #shoe Mini Shoe Tree Stretcher Shaper Width Extender Adjustable http://t.co/8cPcz2xoHb,1,0
9033,stretcher,,Stretcher-bearers were soldiers whose job was to follow behind the advance and bring the wounded back into their... http://t.co/yeRcT4J244,0,1
9034,stretcher,NJ/NY/NM/NE/ND,Scary stuff in San Antonio. Stars head coach Dan Hughes was run into on the sidelines and fell over chairs onto the floor. Stretcher now out,1,0
9040,stretcher,,@Stretcher @witter @Rexyy @Towel show me a picture of it,1,0
9057,structural%20failure,Stateless Global Citizen,The result of failure in correcting structural problems with West's financial markets collapse https://t.co/DvieABlOFz,1,0
9064,structural%20failure,Asia,Rightways: Building structural integrity &amp; failure: inspections damages defects testing  repair http://t.co/vz1irH0Nmm via @rightwaystan,1,0
9093,suicide%20bomb,,@FoxNewsInsider All Obama is doing is giving a false time schedule on Iran testing there first bomb      Bomb = Nuclear Suicide Vest,0,1
9263,sunk,Bracknell,@SaintRobinho86 someone has to be at the bottom of every league. Tonight clearly demonstrated why the Lions are where they are - sunk!,1,0
9286,sunk,i beg vines sorry ,@UnrealTouch fuck sake john Jesus my heart just sunk.,1,0
9314,survive,,A country Chim can survive!,1,0
9315,survive,"Camberwell, Melbourne",I Will Survive by Gloria Gaynor (with Oktaviana Devi) ÛÓ https://t.co/HUkJZ1wT36,1,0
9337,survive,,#Autoinsurance industry clueless on driverless cars : #healthinsurance http://t.co/YdEtWgRibk,1,0
9355,survived,?,@TheSmallClark 'He'll kill me instead if he survived the shot. I don't exactly know. I fled the scene and pulled the trigger with---,1,0
9361,survived,"Washington, USA",@rjkrraj @KarnakaranK @vimvith whether pressure or not NON wud not survived even if thalapathi didn't release,1,0
9432,survivors,Shanghai,Survivors of Shanghai Ghetto reunite after 70 years - http://t.co/1Ki8LgVAy4 #Shanghai #China #??,0,1
9436,survivors,"Marietta, GA",Stemming from my #Cubs talk- the team rosters 2 cancer survivors in @ARizzo44 &amp; @JLester34...@Cubs fans: help another http://t.co/XGnjgLE9eQ,1,0
9445,terrorism,,"Truth...
https://t.co/h6amECX5K7
#News
#BBC
#CNN
#Islam
#Truth
#god
#ISIS
#terrorism
#Quran
#Lies http://t.co/B8iWRdxcm0",0,1
9454,terrorism,,"Truth...
https://t.co/beJfTYgJIL
#News
#BBC
#CNN
#Islam
#Truth
#god
#ISIS
#terrorism
#Quran
#Lies http://t.co/jlCZiDZ7Vu",0,1
9472,terrorism,Riyadh,In #islam saving a person is equal in reward to saving all humans! Islam is the opposite of terrorism!,1,0
9486,terrorism,,"Truth...
https://t.co/k44tL3rfMy
#News
#BBC
#CNN
#Islam
#Truth
#god
#ISIS
#terrorism
#Quran
#Lies http://t.co/ipT0hoNoTI",0,1
9501,terrorist,,HereÛªs how media in Pakistan covered the capture of terrorist Mohammed Naved http://t.co/f7WqpCEkg2,0,1
9556,threat,"Kwajalein/Virginia/Dayton, OH",@dmassa5 Definite triple crown threat. Him and Harper both.,1,0
9557,threat,"BiÌ±an,Laguna",Meek Mill responds to DrakeÛªs OVO Fest set with wedgie threat http://t.co/qqSKYbARNg,1,0
9574,thunder,,@OriginalFunko @Spencers THUNDER BUDDYS!!!! THUNDER BUDDYS!!!!,1,0
9607,thunder,gamertag: bexrayandvav ,@HaydnExists so glad i saved them all at once then didnÛªt want you stealing my thunder :P,1,0
9632,thunderstorm,WORDLDWIDE,"Conditions for Paris FR at 4:00 am CEST: Current Conditions:
Fair 68 FForecast:
Thu - Sunny. High: 87 Low: 61
Fri - PM Thunderstorm...",0,1
9654,thunderstorm,"Lethbridge, AB, Canada",Wed 20:30: Mainly cloudy. 60 percent chance of showers this evening with risk of a thunderstorm. Low 10.,0,1
9745,tragedy,,Robert Gagnon reviews the catastrophe of imposing same-sex marriage and how Christians should respond http://t.co/HIpklxpHnp,1,0
9775,trapped,????s ?? ????Ìø????Ì¡a,(?EudryLantiqua?) Hollywood Movie About Trapped Miners Released in Chile: 'The 33' Holly... http://t.co/us1DMdXZVb (?EudryLantiqua?),1,0
9780,trapped,876 Jamrock.,Literally trapped in my room Cuz my bathroom being remodeled. The only exit is through a window,1,0
9783,trapped,Puerto Rico,Hollywood Movie About Trapped Miners Released in Chile http://t.co/qkrLtrd39B,1,0
9794,trapped,,Hollywood Movie About Trapped Miners Released in Chile: 'The 33' Hollywood movie about trapped miners starring... http://t.co/tyyfG4qQvM,1,0
9797,trapped,,Hollywood Movie About Trapped Miners Released in Chile: 'The 33' Hollywood movie about trapped miners starring... http://t.co/0f8XA4Ih1U,1,0
9818,trauma,,@crazyindapeg @VETS78734 completely understandable considering the trauma #ptsdchat,0,1
9820,trauma,I rap to burn shame.,@PTSD_Chat Yes. I feel the root of that is Shame - which can be found in the rubble of most trauma. #PTSDchat,1,0
9828,trauma,,Butt Trauma Extraordinaire,1,0
9868,traumatised,Scotland,@PyramidHead76 one good thing came out of watching the film.  Was too traumatised to watch show so started Halt &amp; Catch Fire on Amazon. :D,1,0
9883,traumatised,,@disneyIrh so traumatised im ???? http://t.co/TATZfK63Ch,1,0
9912,trouble,YA MOTHA BED,@lucysforsale funny cause my dumb ass was the young one to get n trouble the most lol,1,0
9931,trouble,,OH MY GOD RYANS IN TROUBLE http://t.co/ADIp0UnXHU,1,0
9992,tsunami,,and i dont get waves of missing you anymore theyre more like tsunami tides in my eyesss,1,0
9994,tsunami,"Austin, TX",Dr. Jim &amp; the tsunami: The latest New Yorker warned us in no uncertain terms. Haven't you heard? The tsunami's... http://t.co/1RrEO2jG9u,0,1
10008,twister,,It's alil twister at Tha end to! I was like oh nah ??,1,0
10034,twister,NY,Crazy Mom Threw Teen Daughter a NUDE Twister Sex Party According To Her Friend50 =&gt;http://t.co/Hy5Pbe12TM http://t.co/c1nJpLi5oR,1,0
10127,upheaval,,"How long O Lord (Study 3)
 The sixth seal opens the events of Revelation 12. The political upheaval in the Roman... http://t.co/GW0CXoOJyV",1,0
10130,upheaval,"Wisconsin, USA",Ancient Mayan Tablet Found in Jungle Temple http://t.co/qp6q8RS8ON,1,0
10142,upheaval,maryland,A Look at State Actions a Year after FergusonÛªs Upheaval https://t.co/M4tuI0P9nT MD is mentioned in the last group for a 'reporting' bill,1,0
10147,upheaval,"Milwaukee, WI",A Look at State Actions a Year After #Ferguson's Upheaval http://t.co/qwSbVfLPE1,1,0
10156,upheaval,Connecticut,A look at state actions a year after Ferguson's upheaval http://t.co/vXUFtVT9AU,1,0
10179,violent%20storm,Worldwide,"Violent Forces Radio: Now Playing Acid Storm - Scourgue Of The Gods
TuneIn Player @ http://t.co/XsSgEdSbH4",1,0
10237,volcano,Massachusetts,Not only does he know the latest research the kiddo's GI specialist sang the volcano number from Inside Out. Now THAT is whole person care.,1,0
10239,volcano,"cleveland, oh",@alextucker VOLCANO BOWL DRINK,1,0
10268,war%20zone,The D,#DebateQuestionsWeWantToHear If U start another war would U B willing 2 go 2 the war-zone yourself or send UR sons and/or daughters 2 fight?,1,0
10289,weapon,"BROOKLYN, NYC",Please allow me to reiterate it's not the weapon it's the mindset of the individual! #professional #help! -LEGION! https://t.co/2lGTZkwMqW,1,0
10296,weapon,,Cat Of Nine Irons XII: This nightmarishly brutal weapon is used in ritualistic country club de http://t.co/xpFmR368uF http://t.co/nmAUMYdKe1,1,0
10318,weapon,,Even if u have your weapon and your badge we gonna put them choppas on your ass????,1,0
10337,weapons,Proud @BuckMasonUSA supporter!,Agreed there - especially on automatic weapons. There's no legitimate reason for needing one @Argus_99 @HeidiA1438,1,0
10339,weapons,"Houston, TX",I'm sorry but if you have to resort to weapons to settle something you're a pussy win or lose take your shit like a man &amp; leave it at that,1,0
10355,weapons,,@NRO Except when ordered not to carry unauthorized weapons while on duty or in military uniforms. THATS THE RULE FOOL,1,0
10359,weapons,california | oregon | peru |,@DorisMatsui thank you for supporting the President. The #IranDeal takes nuclear weapons out of the hands of Iran and keeps everyone safer.,0,1
10365,weapons,rural ohio (fuck),@eyecuts @Erasuterism I love 96 Gal Deco to death even if it's a bit trickier to be great with. Glad more weapons are getting Splash Wall,1,0
10396,whirlwind,,"life can wild when... 
you're caught in a whirlwind ??",1,0
10410,whirlwind,,Whirlwind Medusa Audio Snake: 16 microphone inputs 0 returns 150 ft http://t.co/mxkAlMQpdb http://t.co/8KZnhtYtt9,1,0
10418,whirlwind,"London, Sydney",Two hours to get to a client meeting. Whirlwind of emotions with this #tubestrike,1,0
10420,whirlwind,,Feel like I've got no control of anything that goes on in my life at the minute. #whirlwind #drained,1,0
10434,whirlwind,"Bristol, England",WIN: Lisowski whitewashes the Whirlwind 5-0 in round 2 of Shanghai Masters Quals! |  http://t.co/MLigPUHVOh #snooker http://t.co/TcS2Cd5y6y,1,0
10458,wild%20fires,nap central,Wild fires freak me the fuck out. Like hell no,1,0
10490,wildfire,Vail Valley,We should all have a fire safety plan. RT @Matt_Kroschel: MOCK WILDFIRE near #Vail as agencies prepare for the worst. http://t.co/SWwyLRk0fv,0,1
10499,wildfire,"Ashland, Oregon",Be ember aware! http://t.co/LZmL1xB2nH,1,0
10543,windstorm,,IJ: Texas Seeks Comment on Rules for Changes to Windstorm Insurer http://t.co/h132iuL7MU,1,0
10545,windstorm,,Texas Seeks Comment on Rules for Changes to WindstormåÊInsurer http://t.co/92fwtObi3U,1,0
10552,windstorm,,#Insurance Texas Seeks Comment on Rules for Changes to Windstorm Insurer: The Texas Department of Insurance is...  http://t.co/byvUBg0WyE,1,0
10583,windstorm,"Webster, TX",TWIA board approves 5 percent rate hike: The Texas Windstorm Insurance Association (TWIA) Board of Directors v... http://t.co/TWPl0NL8cx,1,0
10636,wounds,Charlotte ,Gunshot wound #9 is in the bicep. The only one of the ten wounds that is not in the chest/torso area.  #KerrickTrial #JonathanFerrell,1,0
10650,wounds,Earth,RT @DianneG: Gunshot wound #9 is in the bicep. only 1 of the 10 wounds that is not in the chest/torso area.  #KerrickTrial #JonathanFerrell,0,1
10656,wounds,Lake Highlands,Crack in the path where I wiped out this morning during beach run. Surface wounds on left elbow and right knee. http://t.co/yaqRSximph,0,1
10676,wounds,?Gangsta OC / MV RP; 18+.?,@IcyMagistrate ÛÓher upper armÛÒ those /friggin/ icicle projectilesÛÒ and leg from various other wounds the girl looks like a miniature moreÛÓ,1,0
10680,wounds,"cody, austin follows ?*?","Crawling in my skin
These wounds they will not hea",1,0
10682,wounds,,Sorrower  - Fresh Wounds Over Old Scars  (2015 Death Metal) http://t.co/L056yj2IOi http://t.co/uTMWMjiRty,1,0
10702,wreck,,the sunset boys wreck my bed   original 1979 usa gimp label  vinyl 7' 45  newave http://t.co/X0QLgwoyMT http://t.co/hQNx8qMeG3,1,0
10729,wreck,Norwich,Omg if Cain dies i will be an emotional wreck #emmerdale,1,0
